Psc_days,Porb_minutes
320,82.9296
560,83.89584
800,90.8496
1500,84.7152
1700,84.9672
2000,82.08
2100,82.17936
2400,81.60192
3700,87.264
4300,80.208
4400,76.8096
