Psc_days,Porb_minutes
30,109.38384
19,84.096
31.5,78.5808
43,91.6704
45,89.53632
50,24.52176
58.5,95.7024
60,144
80,26.6112
85,97.632
